,Metric,Correlation,Genre
0,duration_ms,-0.05725081307174552,All
1,danceability,0.10168626333008997,All
2,energy,0.004315394598769862,All
3,loudness,0.1049629459774418,All
4,speechiness,-0.07257978348051826,All
5,acousticness,-0.043636409287479076,All
6,instrumentalness,-0.1961312565994534,All
7,liveness,-0.04042942795456373,All
8,valence,0.029397592008987266,All
9,tempo,0.00019406603888864568,All
0,duration_ms,-0.11428087128243031,dance
1,danceability,-0.05406315597142167,dance
2,energy,-0.21159159509067546,dance
3,loudness,0.07333805981001112,dance
4,speechiness,0.011272637454053734,dance
5,acousticness,0.19151275639623186,dance
6,instrumentalness,-0.1423718032087327,dance
7,liveness,-0.10472991203763596,dance
8,valence,0.04579061928839401,dance
9,tempo,0.03486499183467269,dance
0,duration_ms,0.09072692749252323,hip-hop
1,danceability,-0.062084315907841574,hip-hop
2,energy,0.07267162816980828,hip-hop
3,loudness,0.011421344856678475,hip-hop
4,speechiness,-0.12460244251831964,hip-hop
5,acousticness,0.13031067861885703,hip-hop
6,instrumentalness,0.043205334407440905,hip-hop
7,liveness,-0.04850733173218128,hip-hop
8,valence,0.10835680500754656,hip-hop
9,tempo,-0.06729056648064255,hip-hop
0,duration_ms,-0.0261939587484727,pop
1,danceability,0.013082193692204345,pop
2,energy,0.0558773408268487,pop
3,loudness,0.13239016886289243,pop
4,speechiness,0.03811036159764153,pop
5,acousticness,-0.04112508181005286,pop
6,instrumentalness,-0.0883875020722673,pop
7,liveness,0.018676146644686968,pop
8,valence,0.02083727000502727,pop
9,tempo,-0.011586944549901763,pop
0,duration_ms,0.01518225107854613,reggaeton
1,danceability,0.07343070137908839,reggaeton
2,energy,-0.08274132334838843,reggaeton
3,loudness,0.01186885452663384,reggaeton
4,speechiness,-0.05848950877736188,reggaeton
5,acousticness,-0.038564772835760465,reggaeton
6,instrumentalness,0.07751068884437834,reggaeton
7,liveness,-0.022338242737022448,reggaeton
8,valence,-0.0686552157545987,reggaeton
9,tempo,-0.04682876934376112,reggaeton
0,duration_ms,0.06226196142968626,latino
1,danceability,0.04865015626903889,latino
2,energy,0.09544336438556779,latino
3,loudness,0.2500084370846043,latino
4,speechiness,-0.12320548507553497,latino
5,acousticness,-0.09718069365143742,latino
6,instrumentalness,-0.11612808959912262,latino
7,liveness,-0.10227115489328738,latino
8,valence,-0.11459615280323097,latino
9,tempo,-0.06506130736343782,latino
0,duration_ms,-0.011492315161258605,latin
1,danceability,0.1930030007112715,latin
2,energy,0.0879783570941129,latin
3,loudness,0.01151834881504485,latin
4,speechiness,0.18633168037230033,latin
5,acousticness,-0.14730497998612713,latin
6,instrumentalness,-0.014540777620097397,latin
7,liveness,-0.036683453639648735,latin
8,valence,0.009465436496030823,latin
9,tempo,-0.02010913541218976,latin
0,duration_ms,-0.037760110826427946,alt-rock
1,danceability,-0.08468604797280836,alt-rock
2,energy,0.029606604829355992,alt-rock
3,loudness,0.14223299693580152,alt-rock
4,speechiness,-0.009612814315740147,alt-rock
5,acousticness,-0.010826070067077908,alt-rock
6,instrumentalness,-0.005799002401721562,alt-rock
7,liveness,-0.023481136736945647,alt-rock
8,valence,-0.12087253078586706,alt-rock
9,tempo,-0.08101456719598299,alt-rock
0,duration_ms,0.028802227426857667,chill
1,danceability,0.07845382546463549,chill
2,energy,0.07345450583895717,chill
3,loudness,0.08712644023943525,chill
4,speechiness,0.1076444032392076,chill
5,acousticness,-0.10509980730291027,chill
6,instrumentalness,-0.12913710451155877,chill
7,liveness,-0.022514566217072103,chill
8,valence,0.13919149233953415,chill
9,tempo,0.013978039064707081,chill
0,duration_ms,0.04805809934087089,reggae
1,danceability,-0.03091897653497704,reggae
2,energy,-0.18719999731242204,reggae
3,loudness,-0.19147956551199313,reggae
4,speechiness,-0.047199628712809055,reggae
5,acousticness,0.15257622836856097,reggae
6,instrumentalness,0.06712103925394376,reggae
7,liveness,-0.05190990327321262,reggae
8,valence,-0.03504717248719365,reggae
9,tempo,0.00815695386024958,reggae
0,duration_ms,-0.07786764282697227,indie
1,danceability,-0.0005093110671138247,indie
2,energy,-0.006823803965079795,indie
3,loudness,0.05079404935689627,indie
4,speechiness,0.07947386273419552,indie
5,acousticness,-0.02900852015428503,indie
6,instrumentalness,0.14992294656286465,indie
7,liveness,0.004537221238386015,indie
8,valence,0.017780655863223048,indie
9,tempo,-0.07104624998898726,indie
0,duration_ms,0.057192970455116815,rock
1,danceability,0.13902652437111906,rock
2,energy,0.08108606450881826,rock
3,loudness,0.09329478739718092,rock
4,speechiness,-0.025377288052109637,rock
5,acousticness,-0.19383075997654595,rock
6,instrumentalness,-0.07797158663185556,rock
7,liveness,-0.019458658614184932,rock
8,valence,-0.11880376988252653,rock
9,tempo,-0.1227817557957199,rock
0,duration_ms,-0.23461382224965485,groove
1,danceability,0.10581160303376322,groove
2,energy,0.32233361138446026,groove
3,loudness,0.2057317029984574,groove
4,speechiness,-0.028677784452918336,groove
5,acousticness,-0.35067805374934663,groove
6,instrumentalness,0.0975195962554572,groove
7,liveness,-0.21914431205663343,groove
8,valence,0.02353865950418938,groove
9,tempo,0.041231667048297345,groove
0,duration_ms,-0.116488540086399,folk
1,danceability,-0.031207644228156983,folk
2,energy,-0.1153938632784324,folk
3,loudness,-0.1271279572026725,folk
4,speechiness,-0.095174328258325,folk
5,acousticness,-0.0008467402377346201,folk
6,instrumentalness,0.08863349814455025,folk
7,liveness,-0.1805160634969027,folk
8,valence,-0.1607160283052802,folk
9,tempo,-0.10844962012603307,folk
0,duration_ms,-0.13388682400572657,piano
1,danceability,0.041952233665279934,piano
2,energy,0.05439953591259218,piano
3,loudness,-0.021245617121072646,piano
4,speechiness,-0.048077712405857106,piano
5,acousticness,-0.10439617980260289,piano
6,instrumentalness,-0.12313007938210296,piano
7,liveness,-0.09609719347796486,piano
8,valence,0.15341809855462116,piano
9,tempo,0.006516927413722084,piano
0,duration_ms,0.05280026939204312,country
1,danceability,0.02566939542672416,country
2,energy,-0.17132543780261802,country
3,loudness,-0.18649028701436143,country
4,speechiness,-0.012081888643304568,country
5,acousticness,0.10412978509045413,country
6,instrumentalness,0.03265119181377042,country
7,liveness,-0.020783930605568813,country
8,valence,-0.030835635566774804,country
9,tempo,-0.0028921079485448474,country
0,duration_ms,0.13177801426748104,funk
1,danceability,-0.0766788431556066,funk
2,energy,-0.01193309533378208,funk
3,loudness,-0.06881690056151903,funk
4,speechiness,-0.051359750032829395,funk
5,acousticness,-0.03393357229073532,funk
6,instrumentalness,-0.14807677093471058,funk
7,liveness,-0.0005063625135910655,funk
8,valence,0.0012840794084910763,funk
9,tempo,-0.11097700158315837,funk
0,duration_ms,-0.12251251472685534,edm
1,danceability,-0.027117958628893792,edm
2,energy,-0.16108334318592035,edm
3,loudness,0.10064429378663473,edm
4,speechiness,0.053688373536700085,edm
5,acousticness,0.15125691407725225,edm
6,instrumentalness,-0.17763876134375914,edm
7,liveness,-0.022296249360506913,edm
8,valence,-0.012965063264857366,edm
9,tempo,-0.026649430267532328,edm
0,duration_ms,-0.1982230780920158,k-pop
1,danceability,0.1093072536585475,k-pop
2,energy,0.26713760726988955,k-pop
3,loudness,0.49216785398697654,k-pop
4,speechiness,0.07340999136279691,k-pop
5,acousticness,-0.41965202395529994,k-pop
6,instrumentalness,-0.10256467668071993,k-pop
7,liveness,-0.005433652095855689,k-pop
8,valence,-0.09382302992214363,k-pop
9,tempo,0.08443165971311696,k-pop
0,duration_ms,0.1206836146788243,soul
1,danceability,0.14366795171857075,soul
2,energy,0.00817635872942924,soul
3,loudness,0.1571804663861069,soul
4,speechiness,0.11981711414193866,soul
5,acousticness,-0.056102135332882865,soul
6,instrumentalness,0.03718885113170924,soul
7,liveness,-0.03644682827649739,soul
8,valence,-0.20150728778140373,soul
9,tempo,-0.05094264049560243,soul
0,duration_ms,0.057608888677453424,indian
1,danceability,-0.014401226858864871,indian
2,energy,0.07700274313547259,indian
3,loudness,0.1381619975618324,indian
4,speechiness,-0.1569138908198464,indian
5,acousticness,0.07107784508281906,indian
6,instrumentalness,-0.14437636869248135,indian
7,liveness,-0.001069928115924577,indian
8,valence,0.12229550176016896,indian
9,tempo,-0.025705183703153153,indian
0,duration_ms,-0.05705926239048923,british
1,danceability,0.20558687322108643,british
2,energy,0.22081593717897788,british
3,loudness,0.2916792934298251,british
4,speechiness,0.02139411822354512,british
5,acousticness,-0.12561486972431773,british
6,instrumentalness,-0.34353510668426435,british
7,liveness,0.01670273209065296,british
8,valence,0.24722879475729995,british
9,tempo,0.10682519016471705,british
0,duration_ms,0.11302618834853871,electro
1,danceability,-0.02383734391475182,electro
2,energy,-0.07600532871564383,electro
3,loudness,-0.0406988000409492,electro
4,speechiness,0.08155662035465827,electro
5,acousticness,-0.0427890920645153,electro
6,instrumentalness,-0.1405105537703069,electro
7,liveness,0.0012412683737387002,electro
8,valence,-0.039381312553010805,electro
9,tempo,0.12946845008112054,electro
0,duration_ms,0.07768197068772102,alternative
1,danceability,-0.08836452249384379,alternative
2,energy,0.09565709456577859,alternative
3,loudness,0.10578368388954898,alternative
4,speechiness,-0.3927909591702891,alternative
5,acousticness,-0.20728644994168646,alternative
6,instrumentalness,0.09369766674161785,alternative
7,liveness,-0.020371138395745322,alternative
8,valence,-0.1359607537088747,alternative
9,tempo,0.05891772869198233,alternative
0,duration_ms,-0.07742035915531223,synth-pop
1,danceability,0.09175415346707434,synth-pop
2,energy,-0.0285192291524023,synth-pop
3,loudness,-0.022759017818196944,synth-pop
4,speechiness,-0.0293988356200224,synth-pop
5,acousticness,0.03620668115746821,synth-pop
6,instrumentalness,-0.010654461916337283,synth-pop
7,liveness,-0.10305137796244386,synth-pop
8,valence,0.05711678388670844,synth-pop
9,tempo,-0.03449799526376574,synth-pop
0,duration_ms,-0.2233904688411264,emo
1,danceability,0.09455480330855386,emo
2,energy,-0.21108126165633023,emo
3,loudness,-0.07043279492523391,emo
4,speechiness,-0.06419103812953014,emo
5,acousticness,0.0842467717248559,emo
6,instrumentalness,0.0921478763777555,emo
7,liveness,-0.15308089386905158,emo
8,valence,-0.0963579807284047,emo
9,tempo,-0.0053803377538886735,emo
0,duration_ms,-0.08098275159104108,indie-pop
1,danceability,-0.016385025984252653,indie-pop
2,energy,0.012422820817830759,indie-pop
3,loudness,-0.06272908100729338,indie-pop
4,speechiness,0.01904503228594467,indie-pop
5,acousticness,-0.022160694462865328,indie-pop
6,instrumentalness,0.1975491465763099,indie-pop
7,liveness,0.03501833622434729,indie-pop
8,valence,-0.04396195991668782,indie-pop
9,tempo,0.07179701616487114,indie-pop
0,duration_ms,-0.06529367681188628,techno
1,danceability,0.04926839424040966,techno
2,energy,-0.0418591903742662,techno
3,loudness,-0.038653620632310606,techno
4,speechiness,-0.02060134662356149,techno
5,acousticness,-0.04402905525890496,techno
6,instrumentalness,0.025730178681023508,techno
7,liveness,-0.008934920666703924,techno
8,valence,-0.07027377449879314,techno
9,tempo,-0.021595262599433486,techno
0,duration_ms,-0.029733945643038724,r-n-b
1,danceability,0.10643803669771974,r-n-b
2,energy,-0.07298256970876406,r-n-b
3,loudness,-0.08990668206320228,r-n-b
4,speechiness,0.162314754774353,r-n-b
5,acousticness,-0.04520015853246912,r-n-b
6,instrumentalness,-0.15023018933632495,r-n-b
7,liveness,-0.02834926505507423,r-n-b
8,valence,-0.040362188064588016,r-n-b
9,tempo,-0.022431486247755542,r-n-b
0,duration_ms,0.017073725552663004,metal
1,danceability,0.02477165146623888,metal
2,energy,0.013202156542744394,metal
3,loudness,0.18718198834851738,metal
4,speechiness,-0.053095099407843474,metal
5,acousticness,-0.026347385435880562,metal
6,instrumentalness,-0.16033557165306925,metal
7,liveness,-0.14873080282122125,metal
8,valence,-0.006141690262096256,metal
9,tempo,-0.07305339513430394,metal
0,duration_ms,-0.04877583232804372,house
1,danceability,-0.014811333798898756,house
2,energy,-0.09784559305148915,house
3,loudness,-0.017249502329902168,house
4,speechiness,-0.05023591710437211,house
5,acousticness,0.01829349016020006,house
6,instrumentalness,-0.10328600329667115,house
7,liveness,-0.021435035562042907,house
8,valence,0.015152775940778474,house
9,tempo,0.11064612690680739,house
0,duration_ms,0.016454107573725577,sleep
1,danceability,-0.3520911630178252,sleep
2,energy,-0.20434952894273983,sleep
3,loudness,-0.41061170386030404,sleep
4,speechiness,-0.047422861371963956,sleep
5,acousticness,0.06339205034722122,sleep
6,instrumentalness,0.34611748035019513,sleep
7,liveness,-0.1689164506834484,sleep
8,valence,-0.27690232713765767,sleep
9,tempo,-0.13320849165484444,sleep
0,duration_ms,0.30334100409853354,hard-rock
1,danceability,-0.15671136835430305,hard-rock
2,energy,-0.22301328963508876,hard-rock
3,loudness,-0.2377864586852576,hard-rock
4,speechiness,-0.11912393725793635,hard-rock
5,acousticness,0.028949432423415963,hard-rock
6,instrumentalness,0.1432666056730888,hard-rock
7,liveness,-0.18262625535764435,hard-rock
8,valence,-0.19224009940247816,hard-rock
9,tempo,-0.05114074194461343,hard-rock
0,duration_ms,-0.09014983219484493,blues
1,danceability,-0.2186940634891896,blues
2,energy,-0.010978169867440407,blues
3,loudness,-0.05601367136737648,blues
4,speechiness,0.016405784600551265,blues
5,acousticness,-0.07585130428843966,blues
6,instrumentalness,0.008454093954411015,blues
7,liveness,-0.03620154405472138,blues
8,valence,-0.1865324923028689,blues
9,tempo,0.018577555825239105,blues
0,duration_ms,0.03831053897374914,pagode
1,danceability,-0.08283012474866361,pagode
2,energy,-0.02807906359692492,pagode
3,loudness,-0.045169644619830196,pagode
4,speechiness,-0.10834018058836267,pagode
5,acousticness,0.15961257200080056,pagode
6,instrumentalness,-0.009310336926974713,pagode
7,liveness,0.10461884601395997,pagode
8,valence,-0.06590716577503364,pagode
9,tempo,0.011436585473425607,pagode
0,duration_ms,-0.23183998501319325,trance
1,danceability,0.03939442394695222,trance
2,energy,-0.08091358444741147,trance
3,loudness,0.0676264816601581,trance
4,speechiness,-0.008457087663453985,trance
5,acousticness,0.11326757170215972,trance
6,instrumentalness,-0.20074059595870916,trance
7,liveness,-0.12824423919576577,trance
8,valence,0.08266393299225265,trance
9,tempo,-0.08563844371901322,trance
0,duration_ms,-0.07924885170367126,german
1,danceability,0.08355455773687176,german
2,energy,0.023669424419301078,german
3,loudness,0.05156206017382743,german
4,speechiness,0.047767795274351134,german
5,acousticness,-0.02797652614065305,german
6,instrumentalness,-0.04569466442470207,german
7,liveness,-0.04933436105229672,german
8,valence,-0.045445510592577815,german
9,tempo,0.012977562955543564,german
0,duration_ms,0.038490875709784315,disco
1,danceability,0.01879025577249762,disco
2,energy,-0.2356914568093726,disco
3,loudness,-0.29318259267012603,disco
4,speechiness,-0.13322952601217436,disco
5,acousticness,0.07213801704208549,disco
6,instrumentalness,-0.013898549546028002,disco
7,liveness,-0.11320347609021984,disco
8,valence,-0.01469967126911661,disco
9,tempo,-0.13557603576957186,disco
0,duration_ms,0.06045165790307817,garage
1,danceability,0.2502308928857768,garage
2,energy,-0.27951151527269086,garage
3,loudness,-0.19228110029877687,garage
4,speechiness,-0.14528992066138327,garage
5,acousticness,0.1292429710157976,garage
6,instrumentalness,0.053045479914040676,garage
7,liveness,-0.08904433940709881,garage
8,valence,0.024371314164480767,garage
9,tempo,-0.14524565688771052,garage
0,duration_ms,-0.257773335266856,sad
1,danceability,0.10471695089476867,sad
2,energy,0.07275644953875221,sad
3,loudness,0.029547943919587975,sad
4,speechiness,0.10608342223370348,sad
5,acousticness,-0.08023999998770726,sad
6,instrumentalness,-0.03090313631877737,sad
7,liveness,0.09069538814783726,sad
8,valence,0.08464300409259753,sad
9,tempo,-0.05825811858546317,sad
0,duration_ms,-0.07702504355860154,singer-songwriter
1,danceability,-0.05378147582457067,singer-songwriter
2,energy,0.15776049965663133,singer-songwriter
3,loudness,0.15102558889590534,singer-songwriter
4,speechiness,0.1248406098757416,singer-songwriter
5,acousticness,-0.13907394843339,singer-songwriter
6,instrumentalness,-0.005423758580777497,singer-songwriter
7,liveness,0.06165000470410267,singer-songwriter
8,valence,0.05549560909206503,singer-songwriter
9,tempo,-0.11295131918141477,singer-songwriter
0,duration_ms,-0.14191790346628855,anime
1,danceability,-0.02699527324026729,anime
2,energy,-0.030664303620387825,anime
3,loudness,-0.010932221842583922,anime
4,speechiness,-0.12469717538982521,anime
5,acousticness,-0.06452430920029334,anime
6,instrumentalness,0.032765252563010154,anime
7,liveness,-0.12307191608849306,anime
8,valence,0.015305203861780648,anime
9,tempo,0.01738322855003179,anime
0,duration_ms,-0.014845826113796201,dancehall
1,danceability,0.0711487835917071,dancehall
2,energy,-0.11736004973893745,dancehall
3,loudness,-0.01447237483432579,dancehall
4,speechiness,-0.1504751172255993,dancehall
5,acousticness,-0.002294384029855237,dancehall
6,instrumentalness,0.08712223306433674,dancehall
7,liveness,-0.07507765123798012,dancehall
8,valence,-0.005890081466214523,dancehall
9,tempo,0.03855562610478592,dancehall
0,duration_ms,-0.008630022452553726,punk
1,danceability,-0.04797024135684265,punk
2,energy,0.04327691652543696,punk
3,loudness,0.07575422669371934,punk
4,speechiness,0.016675214933831763,punk
5,acousticness,-0.08728302827552872,punk
6,instrumentalness,0.1036111343418414,punk
7,liveness,0.008535143375602385,punk
8,valence,-0.010497058714199935,punk
9,tempo,0.00752299822339046,punk
0,duration_ms,-0.045530045245841734,swedish
1,danceability,0.07991064244601802,swedish
2,energy,0.15612108786986517,swedish
3,loudness,0.147574531352168,swedish
4,speechiness,-0.06335046206906997,swedish
5,acousticness,-0.1184263685021993,swedish
6,instrumentalness,-0.06639119509814642,swedish
7,liveness,0.050175048881596726,swedish
8,valence,0.004117422444857948,swedish
9,tempo,-0.008406052695951537,swedish
0,duration_ms,-0.042940524584779684,acoustic
1,danceability,0.06287157924560308,acoustic
2,energy,-0.2611433463316211,acoustic
3,loudness,-0.21810546133534908,acoustic
4,speechiness,-0.11672621226834103,acoustic
5,acousticness,0.18910479947162057,acoustic
6,instrumentalness,0.01734837689872777,acoustic
7,liveness,-0.11938893959245642,acoustic
8,valence,-0.2106086004105423,acoustic
9,tempo,-0.02175578238710999,acoustic
0,duration_ms,-0.021579069789192978,brazil
1,danceability,0.029529997763594464,brazil
2,energy,-0.02970041174679717,brazil
3,loudness,-0.02522925594215303,brazil
4,speechiness,0.020204267856023545,brazil
5,acousticness,-0.021971949711985544,brazil
6,instrumentalness,0.11469743294129775,brazil
7,liveness,-0.0025678903982300225,brazil
8,valence,-0.060118865072755566,brazil
9,tempo,0.02967717024784368,brazil
0,duration_ms,-0.10136209749157002,progressive-house
1,danceability,0.018260557226992522,progressive-house
2,energy,-0.059168884332174744,progressive-house
3,loudness,0.09840850332058915,progressive-house
4,speechiness,0.003992108917660914,progressive-house
5,acousticness,0.07645774173164202,progressive-house
6,instrumentalness,-0.11437252977591074,progressive-house
7,liveness,0.04537958284460701,progressive-house
8,valence,0.049009065023487064,progressive-house
9,tempo,-0.07579763528891086,progressive-house
0,duration_ms,0.18181690535878378,power-pop
1,danceability,0.21316699115994692,power-pop
2,energy,-0.1418859028635188,power-pop
3,loudness,-0.06352732189949513,power-pop
4,speechiness,-0.1214741332642117,power-pop
5,acousticness,0.03370023935436355,power-pop
6,instrumentalness,-0.07741119854958559,power-pop
7,liveness,-0.038413909477155554,power-pop
8,valence,0.025429660910700248,power-pop
9,tempo,-0.10237356437107531,power-pop
0,duration_ms,-0.1816935760350431,spanish
1,danceability,0.17180500267924245,spanish
2,energy,-0.016901822815160006,spanish
3,loudness,0.1434206712349678,spanish
4,speechiness,-0.10722024454807325,spanish
5,acousticness,-0.09437638520084833,spanish
6,instrumentalness,-0.062484027212482175,spanish
7,liveness,-0.11515865975126674,spanish
8,valence,0.05755784430711057,spanish
9,tempo,0.04796617729580935,spanish
0,duration_ms,-0.19084209274364858,rockabilly
1,danceability,-0.14518906233541634,rockabilly
2,energy,-0.41689148499223855,rockabilly
3,loudness,-0.33350859291477986,rockabilly
4,speechiness,-0.05854368984713915,rockabilly
5,acousticness,0.4352876502437513,rockabilly
6,instrumentalness,0.003731138264819961,rockabilly
7,liveness,-0.07631624915417562,rockabilly
8,valence,-0.12841061912125828,rockabilly
9,tempo,-0.09760633354705979,rockabilly
0,duration_ms,0.16282274357762988,hardcore
1,danceability,0.2686437226235908,hardcore
2,energy,-0.19687011160210546,hardcore
3,loudness,0.013850768613913232,hardcore
4,speechiness,0.1949850432427087,hardcore
5,acousticness,0.18572201119622242,hardcore
6,instrumentalness,-0.014685218459274623,hardcore
7,liveness,0.015266984111068959,hardcore
8,valence,0.10601826168465048,hardcore
9,tempo,-0.14918833857008545,hardcore
0,duration_ms,0.020970585562155704,pop-film
1,danceability,0.1444782842198496,pop-film
2,energy,0.024538724905475328,pop-film
3,loudness,0.01953984101365781,pop-film
4,speechiness,-0.028396819004660085,pop-film
5,acousticness,-0.1539423881058611,pop-film
6,instrumentalness,-0.00022862491132240542,pop-film
7,liveness,-0.18437824332719457,pop-film
8,valence,-0.04811412089349176,pop-film
9,tempo,0.042850482658412105,pop-film
0,duration_ms,0.027548176969307555,grunge
1,danceability,0.015466916634237451,grunge
2,energy,-0.13915322096052737,grunge
3,loudness,-0.08170871610926872,grunge
4,speechiness,-0.11311070056029145,grunge
5,acousticness,0.08391808568858394,grunge
6,instrumentalness,-0.006261429247697139,grunge
7,liveness,-0.2050814764940643,grunge
8,valence,0.004555929034109851,grunge
9,tempo,-0.04002148944640203,grunge
0,duration_ms,-0.0323702001214346,ambient
1,danceability,0.00364579139751167,ambient
2,energy,-0.05325617377050125,ambient
3,loudness,-0.022286944651160698,ambient
4,speechiness,-0.040689227286735415,ambient
5,acousticness,0.12419594444533134,ambient
6,instrumentalness,-0.07380884934212574,ambient
7,liveness,-0.044001132004898094,ambient
8,valence,0.08627066722252405,ambient
9,tempo,0.004614889597627371,ambient
0,duration_ms,-0.049390352522856854,french
1,danceability,0.06567045153007403,french
2,energy,0.026642924062916924,french
3,loudness,0.02351522816043421,french
4,speechiness,-0.2336923061088132,french
5,acousticness,-0.07903333266279867,french
6,instrumentalness,0.15349769470298505,french
7,liveness,-0.08284161383478297,french
8,valence,-0.22255177728134007,french
9,tempo,-0.025863565094024883,french
0,duration_ms,-0.0035873062447307163,punk-rock
1,danceability,-0.023585239002558014,punk-rock
2,energy,-0.0098544849155738,punk-rock
3,loudness,0.06774670421802652,punk-rock
4,speechiness,-0.005333207137285836,punk-rock
5,acousticness,-0.1343766214067495,punk-rock
6,instrumentalness,0.05175231453347872,punk-rock
7,liveness,-0.09110347799150074,punk-rock
8,valence,-0.000205654002661437,punk-rock
9,tempo,0.022991551425133334,punk-rock
0,duration_ms,-0.0028051231177032756,psych-rock
1,danceability,0.050104285514036034,psych-rock
2,energy,-0.18167846780709487,psych-rock
3,loudness,-0.12721882519237485,psych-rock
4,speechiness,-0.09283259352789626,psych-rock
5,acousticness,0.006931686056443883,psych-rock
6,instrumentalness,0.03178017081813834,psych-rock
7,liveness,-0.05685998838046267,psych-rock
8,valence,-0.06538581634822103,psych-rock
9,tempo,-0.04180949740796116,psych-rock
0,duration_ms,-0.0175265787827617,chicago-house
1,danceability,-0.004976874241235111,chicago-house
2,energy,-0.05743794444477859,chicago-house
3,loudness,0.026854871357805548,chicago-house
4,speechiness,-0.059561104786965885,chicago-house
5,acousticness,-0.01051042414164935,chicago-house
6,instrumentalness,-0.09958002890361824,chicago-house
7,liveness,0.04154904216154473,chicago-house
8,valence,-0.017803789204449933,chicago-house
9,tempo,-0.01890942594804514,chicago-house
0,duration_ms,-0.18086480749842723,j-pop
1,danceability,0.07491603109632652,j-pop
2,energy,0.13921589944833684,j-pop
3,loudness,0.15144119021958138,j-pop
4,speechiness,0.12772812862378083,j-pop
5,acousticness,-0.15478767589989173,j-pop
6,instrumentalness,-0.0235024986014363,j-pop
7,liveness,0.012434047568772585,j-pop
8,valence,0.09099036130709284,j-pop
9,tempo,0.08125343363873869,j-pop
0,duration_ms,-0.05735107198965874,songwriter
1,danceability,0.08554782403747263,songwriter
2,energy,-0.13826345971033496,songwriter
3,loudness,-0.08208943044105758,songwriter
4,speechiness,0.05311453393136043,songwriter
5,acousticness,0.21859103034931218,songwriter
6,instrumentalness,-0.011171343992912357,songwriter
7,liveness,-0.062082666075062895,songwriter
8,valence,-0.15435506442908203,songwriter
9,tempo,0.025276845353659004,songwriter
0,duration_ms,0.19816902551873578,jazz
1,danceability,0.10448586852529045,jazz
2,energy,0.08325145433084644,jazz
3,loudness,0.03587639764388345,jazz
4,speechiness,0.004589752002952992,jazz
5,acousticness,-0.060526108481072226,jazz
6,instrumentalness,0.14189470448013117,jazz
7,liveness,-0.09962634644207635,jazz
8,valence,-0.06122714592441013,jazz
9,tempo,-0.007506533878579615,jazz
0,duration_ms,-0.03869580337969232,j-rock
1,danceability,-0.06020924522692681,j-rock
2,energy,0.06814838709306767,j-rock
3,loudness,0.1333945783783153,j-rock
4,speechiness,0.03750040975201409,j-rock
5,acousticness,-0.12217262184767921,j-rock
6,instrumentalness,0.05285585406573303,j-rock
7,liveness,-0.0752742564854379,j-rock
8,valence,-0.11266422698052288,j-rock
9,tempo,0.06572357280040639,j-rock
0,duration_ms,-0.06791781307947162,children
1,danceability,0.1042543482430161,children
2,energy,-0.16162093772359906,children
3,loudness,-0.10025689297591847,children
4,speechiness,-0.12182991867010493,children
5,acousticness,0.029355277063729465,children
6,instrumentalness,-0.09698941101331104,children
7,liveness,-0.011266189131539603,children
8,valence,0.10937529410477818,children
9,tempo,0.027147331863077686,children
0,duration_ms,-0.10718510582419066,turkish
1,danceability,0.03316017372577428,turkish
2,energy,-0.036850497622196755,turkish
3,loudness,-0.033356567556002345,turkish
4,speechiness,0.04560768656034827,turkish
5,acousticness,-0.02571168732184649,turkish
6,instrumentalness,0.20192228334718687,turkish
7,liveness,0.005432587847810054,turkish
8,valence,-0.0495300994715025,turkish
9,tempo,-0.01476307050677566,turkish
0,duration_ms,0.0019316786829087814,electronic
1,danceability,0.02953022467222289,electronic
2,energy,0.03679470884490989,electronic
3,loudness,0.06656778779719615,electronic
4,speechiness,-0.016683919742256453,electronic
5,acousticness,-0.07266665205089098,electronic
6,instrumentalness,0.08348480535174253,electronic
7,liveness,-0.041949805211116645,electronic
8,valence,-0.14614763596279692,electronic
9,tempo,-0.007482165345433359,electronic
0,duration_ms,0.008775189513199421,salsa
1,danceability,0.007095303151977507,salsa
2,energy,-0.03149313196291555,salsa
3,loudness,-0.004760694752874971,salsa
4,speechiness,0.035080497632532404,salsa
5,acousticness,-0.049335475146575075,salsa
6,instrumentalness,-0.04692589765203673,salsa
7,liveness,0.02095070064645477,salsa
8,valence,-0.057070841533106466,salsa
9,tempo,-0.008808397946582999,salsa
0,duration_ms,-0.385736164309641,deep-house
1,danceability,-0.134847465878375,deep-house
2,energy,-0.021797864814519254,deep-house
3,loudness,0.08652728040534541,deep-house
4,speechiness,-0.02754373327936671,deep-house
5,acousticness,0.11649887103914948,deep-house
6,instrumentalness,-0.2684519689996112,deep-house
7,liveness,0.09069001036216567,deep-house
8,valence,-0.04586455898860977,deep-house
9,tempo,-0.09085975412195625,deep-house
0,duration_ms,-0.07225688172642213,rock-n-roll
1,danceability,0.03673196627516357,rock-n-roll
2,energy,0.017007735151886264,rock-n-roll
3,loudness,-0.03930661945393678,rock-n-roll
4,speechiness,-0.12913451188298988,rock-n-roll
5,acousticness,-0.002586386784471918,rock-n-roll
6,instrumentalness,0.0018743447676067928,rock-n-roll
7,liveness,-0.015635231131289427,rock-n-roll
8,valence,0.06889790797856576,rock-n-roll
9,tempo,0.008135519957360367,rock-n-roll
0,duration_ms,-0.15110140177423817,industrial
1,danceability,0.07953007138773784,industrial
2,energy,-0.10625057663902093,industrial
3,loudness,0.15058476950989427,industrial
4,speechiness,0.023835255632844932,industrial
5,acousticness,0.000317988018266702,industrial
6,instrumentalness,-0.16839138235707754,industrial
7,liveness,-0.05354620545594083,industrial
8,valence,0.013271398361144503,industrial
9,tempo,0.04802665001036177,industrial
0,duration_ms,0.020140702799299408,show-tunes
1,danceability,0.17194135742724923,show-tunes
2,energy,0.13978596057237758,show-tunes
3,loudness,0.15420923796339772,show-tunes
4,speechiness,0.03205742819060406,show-tunes
5,acousticness,-0.29434808202955093,show-tunes
6,instrumentalness,-0.09908473011585779,show-tunes
7,liveness,-0.11035467361862208,show-tunes
8,valence,0.06642662519486367,show-tunes
9,tempo,0.027367905084915264,show-tunes
0,duration_ms,-0.010498869713310826,comedy
1,danceability,0.3826456968692865,comedy
2,energy,-0.12400234126887452,comedy
3,loudness,0.19241289833695727,comedy
4,speechiness,-0.4432929010607434,comedy
5,acousticness,-0.4828856233160533,comedy
6,instrumentalness,0.08125817154101955,comedy
7,liveness,-0.4119281485988404,comedy
8,valence,0.12854170583437113,comedy
9,tempo,0.18462338977241932,comedy
0,duration_ms,-0.004737651409319203,ska
1,danceability,0.05317490849714995,ska
2,energy,0.06830699127414236,ska
3,loudness,0.039414352779008344,ska
4,speechiness,0.028334592222321937,ska
5,acousticness,-0.020987837377785507,ska
6,instrumentalness,-0.06283077577643482,ska
7,liveness,-0.00969571191370745,ska
8,valence,0.09172814884755469,ska
9,tempo,0.01186271730462037,ska
0,duration_ms,-0.07923118304761868,afrobeat
1,danceability,-0.0437304155198102,afrobeat
2,energy,-0.07433280396370817,afrobeat
3,loudness,0.042318851404614284,afrobeat
4,speechiness,0.060319365310639125,afrobeat
5,acousticness,0.0829699023699952,afrobeat
6,instrumentalness,-0.10873195775351234,afrobeat
7,liveness,0.053426677208450214,afrobeat
8,valence,-0.09831617144245011,afrobeat
9,tempo,0.008729818020857706,afrobeat
0,duration_ms,0.007441180283891469,j-dance
1,danceability,0.09157310261116658,j-dance
2,energy,-0.029362924882876923,j-dance
3,loudness,0.013438396925745038,j-dance
4,speechiness,-0.20810281440034967,j-dance
5,acousticness,-0.11385896040276762,j-dance
6,instrumentalness,0.132637538207498,j-dance
7,liveness,-0.01988284189520818,j-dance
8,valence,0.017146142998556588,j-dance
9,tempo,0.030223629566177395,j-dance
0,duration_ms,-0.06294271829168595,dub
1,danceability,-0.4364697179563009,dub
2,energy,0.33522916052848994,dub
3,loudness,0.4380375207340866,dub
4,speechiness,-0.11757736157072224,dub
5,acousticness,-0.042063227537959214,dub
6,instrumentalness,-0.140911246941757,dub
7,liveness,0.0348291407956205,dub
8,valence,-0.5063928871311382,dub
9,tempo,0.19535279871842778,dub
0,duration_ms,0.004827858298141555,party
1,danceability,0.06600541998245964,party
2,energy,-0.15116865953200279,party
3,loudness,-0.1300503711498273,party
4,speechiness,0.028411294586767274,party
5,acousticness,0.052377965418574014,party
6,instrumentalness,0.03982540552363255,party
7,liveness,-0.022384890529788818,party
8,valence,-0.05491944511176452,party
9,tempo,-0.005774889885365278,party
0,duration_ms,0.1217880324287239,death-metal
1,danceability,0.09118340750590882,death-metal
2,energy,-0.04652546410850504,death-metal
3,loudness,0.06083935682838684,death-metal
4,speechiness,-0.11515127415456713,death-metal
5,acousticness,0.030108259143586887,death-metal
6,instrumentalness,-0.06042306031746591,death-metal
7,liveness,-0.120724368456494,death-metal
8,valence,-0.016128010183624412,death-metal
9,tempo,-0.03974195080459438,death-metal
0,duration_ms,0.08038264846118261,metalcore
1,danceability,0.19665307419969383,metalcore
2,energy,-0.052135001554652935,metalcore
3,loudness,0.05815238698859916,metalcore
4,speechiness,-0.0835793681426138,metalcore
5,acousticness,0.02708240921113413,metalcore
6,instrumentalness,-0.016452626166597355,metalcore
7,liveness,-0.137027449526377,metalcore
8,valence,0.10270747034090359,metalcore
9,tempo,0.06004607453552721,metalcore
0,duration_ms,0.05251245048751833,disney
1,danceability,0.045071737948328,disney
2,energy,0.19616768740239765,disney
3,loudness,0.21016788350549204,disney
4,speechiness,-0.003788970239507544,disney
5,acousticness,-0.20207012124612928,disney
6,instrumentalness,-0.22583153532217387,disney
7,liveness,0.06291970098099645,disney
8,valence,0.09793716700957782,disney
9,tempo,0.04614614465659037,disney
0,duration_ms,0.1404140703883916,cantopop
1,danceability,-0.009116355832470209,cantopop
2,energy,-0.018187077224278248,cantopop
3,loudness,0.10926392018146333,cantopop
4,speechiness,0.01706440774600493,cantopop
5,acousticness,0.14854418596585733,cantopop
6,instrumentalness,-0.002703596088907138,cantopop
7,liveness,-0.12962440146136345,cantopop
8,valence,-0.019541379950942826,cantopop
9,tempo,0.05898462234766255,cantopop
0,duration_ms,0.18730500001558012,mandopop
1,danceability,0.044093589856156655,mandopop
2,energy,0.04162108018045714,mandopop
3,loudness,0.144572608159076,mandopop
4,speechiness,-0.053741067586410146,mandopop
5,acousticness,0.02708700881611116,mandopop
6,instrumentalness,0.007697780135744319,mandopop
7,liveness,-0.08689334464665813,mandopop
8,valence,-0.12953302310037615,mandopop
9,tempo,0.1102349731005012,mandopop
0,duration_ms,0.012360361051671336,world-music
1,danceability,0.24738980103199157,world-music
2,energy,0.2675990502467919,world-music
3,loudness,0.5170140304139256,world-music
4,speechiness,-0.09463687671459275,world-music
5,acousticness,-0.4162297705163803,world-music
6,instrumentalness,-0.5428801265905321,world-music
7,liveness,0.011785342629566792,world-music
8,valence,0.021512591418129407,world-music
9,tempo,0.2233313265355724,world-music
0,duration_ms,0.0006798096477958576,idm
1,danceability,0.05202062347221119,idm
2,energy,-0.022598451455508733,idm
3,loudness,0.007916665332343585,idm
4,speechiness,-0.06616087134505365,idm
5,acousticness,0.0288388598922392,idm
6,instrumentalness,-0.04858162252198023,idm
7,liveness,-0.01791286391877544,idm
8,valence,-0.011370214332898977,idm
9,tempo,0.04101460661336165,idm
0,duration_ms,0.10926773368604047,classical
1,danceability,0.18522413700916254,classical
2,energy,0.4281147502533948,classical
3,loudness,0.37640755355307376,classical
4,speechiness,0.1108130874842673,classical
5,acousticness,-0.3112724978444431,classical
6,instrumentalness,-0.31350954648014356,classical
7,liveness,0.042412869858029764,classical
8,valence,0.17122309170763864,classical
9,tempo,0.07425507781238365,classical
0,duration_ms,0.02589853202999625,dubstep
1,danceability,-0.052302901263858094,dubstep
2,energy,0.017599732604428563,dubstep
3,loudness,0.11284338235022835,dubstep
4,speechiness,0.014626472278123378,dubstep
5,acousticness,-0.07303625657268982,dubstep
6,instrumentalness,-0.10803030577572545,dubstep
7,liveness,-0.04577105927864166,dubstep
8,valence,0.0656867900115901,dubstep
9,tempo,0.04057793958252601,dubstep
0,duration_ms,0.009038778108904017,bluegrass
1,danceability,0.025145790665405746,bluegrass
2,energy,-0.15962828203750787,bluegrass
3,loudness,-0.011615725666946068,bluegrass
4,speechiness,-0.010978049483527246,bluegrass
5,acousticness,0.08619426325786804,bluegrass
6,instrumentalness,-0.10893736583131491,bluegrass
7,liveness,-0.10114382479196689,bluegrass
8,valence,-0.19741654453152094,bluegrass
9,tempo,-0.030080088125266347,bluegrass
0,duration_ms,-0.10212471982106491,new-age
1,danceability,0.16702566218680168,new-age
2,energy,0.3016487287198049,new-age
3,loudness,0.22378859689425928,new-age
4,speechiness,-0.0749680085575149,new-age
5,acousticness,-0.2924276284434992,new-age
6,instrumentalness,-0.1224920383475416,new-age
7,liveness,-0.060224950419761954,new-age
8,valence,0.1251030633535872,new-age
9,tempo,-0.0043611659813918,new-age
0,duration_ms,-0.15947274300408612,drum-and-bass
1,danceability,-0.14160157968500425,drum-and-bass
2,energy,0.007965103627710367,drum-and-bass
3,loudness,0.16316991428432406,drum-and-bass
4,speechiness,-0.0887614370787012,drum-and-bass
5,acousticness,0.19407528429840765,drum-and-bass
6,instrumentalness,-0.28606236017429404,drum-and-bass
7,liveness,-0.03113811910967622,drum-and-bass
8,valence,-0.08717454288802871,drum-and-bass
9,tempo,0.01368724141925618,drum-and-bass
0,duration_ms,-0.0091436459020962,samba
1,danceability,0.05000237707633271,samba
2,energy,-0.11862123194495866,samba
3,loudness,-0.1695409972364846,samba
4,speechiness,-0.15117195599551375,samba
5,acousticness,0.16651628198276094,samba
6,instrumentalness,-0.02118645689646529,samba
7,liveness,0.06588658896083732,samba
8,valence,0.07305964049606488,samba
9,tempo,0.08176336379838807,samba
0,duration_ms,-0.027030282625778355,minimal-techno
1,danceability,-0.09109283588739817,minimal-techno
2,energy,-0.0992968370608079,minimal-techno
3,loudness,-0.04310094900300147,minimal-techno
4,speechiness,-0.09268036344309909,minimal-techno
5,acousticness,0.07121459432436653,minimal-techno
6,instrumentalness,-0.03264644749792238,minimal-techno
7,liveness,-0.010238652743664752,minimal-techno
8,valence,-0.17328524799193326,minimal-techno
9,tempo,-0.047909178147203774,minimal-techno
0,duration_ms,-0.056241773971725605,opera
1,danceability,0.08290489036339903,opera
2,energy,0.09069118986092208,opera
3,loudness,0.023024322189282454,opera
4,speechiness,-0.037589236116246684,opera
5,acousticness,-0.16856398583920013,opera
6,instrumentalness,0.0006715845372103701,opera
7,liveness,-0.08371401473970971,opera
8,valence,0.02591517796736929,opera
9,tempo,0.008722706203285004,opera
0,duration_ms,-0.08170747656326079,trip-hop
1,danceability,-0.09319146274375334,trip-hop
2,energy,-0.09782528644016174,trip-hop
3,loudness,-0.004697164852536978,trip-hop
4,speechiness,-0.08380935776110254,trip-hop
5,acousticness,0.05020561998423258,trip-hop
6,instrumentalness,0.10513472882460247,trip-hop
7,liveness,-0.08660338165015966,trip-hop
8,valence,-0.1497168132753679,trip-hop
9,tempo,-0.035452134518769385,trip-hop
0,duration_ms,0.034776922333152244,goth
1,danceability,-0.1025339888332418,goth
2,energy,0.01454075817429522,goth
3,loudness,0.06771171069307765,goth
4,speechiness,-0.10202761758976452,goth
5,acousticness,-0.052750620689675676,goth
6,instrumentalness,-0.038312375487494756,goth
7,liveness,-0.013004763399292102,goth
8,valence,-0.13894225776304078,goth
9,tempo,0.011038860189201354,goth
0,duration_ms,-0.0019341055722043345,mpb
1,danceability,-0.005710452966964208,mpb
2,energy,0.025971526021953253,mpb
3,loudness,0.06426377534757317,mpb
4,speechiness,0.008968073587432885,mpb
5,acousticness,-0.05703044860067512,mpb
6,instrumentalness,-0.12826385778939794,mpb
7,liveness,0.07339001878025812,mpb
8,valence,-0.0701531132188016,mpb
9,tempo,0.03157875765735919,mpb
0,duration_ms,0.012463600479225064,club
1,danceability,0.04629470023911324,club
2,energy,0.017511232040233516,club
3,loudness,0.14478200912181752,club
4,speechiness,-0.20086004484896033,club
5,acousticness,-0.010906685378551183,club
6,instrumentalness,-0.06364907614981098,club
7,liveness,-0.07488654809812313,club
8,valence,-0.044212353129549964,club
9,tempo,-0.11550543819399219,club
0,duration_ms,-0.14172918669080808,hardstyle
1,danceability,-0.1653186084104936,hardstyle
2,energy,-0.08441043953875614,hardstyle
3,loudness,0.07207141242491025,hardstyle
4,speechiness,-0.08212325807540131,hardstyle
5,acousticness,0.010547943971797858,hardstyle
6,instrumentalness,-0.09336806092067143,hardstyle
7,liveness,-0.04009120617015043,hardstyle
8,valence,0.01137084425673609,hardstyle
9,tempo,-0.08614733476450007,hardstyle
0,duration_ms,-0.12866009104487228,happy
1,danceability,-0.1020707653220243,happy
2,energy,0.08525229189078813,happy
3,loudness,0.1111684206898451,happy
4,speechiness,0.02466471057938371,happy
5,acousticness,0.046113163409588424,happy
6,instrumentalness,-0.2054139021462314,happy
7,liveness,0.031755250971546425,happy
8,valence,0.10298423107750766,happy
9,tempo,0.07524716142961652,happy
0,duration_ms,-0.13240790770067853,malay
1,danceability,-0.01861381914398663,malay
2,energy,-0.018468620575085703,malay
3,loudness,0.00319856956962309,malay
4,speechiness,0.02958421340771215,malay
5,acousticness,0.06278476715671591,malay
6,instrumentalness,0.036218834502477905,malay
7,liveness,-0.06809087212582678,malay
8,valence,-0.04663158859819681,malay
9,tempo,-0.033430018865974895,malay
0,duration_ms,-0.0698142565468921,breakbeat
1,danceability,-0.2531401291214268,breakbeat
2,energy,0.07113604569609495,breakbeat
3,loudness,0.07136444739311726,breakbeat
4,speechiness,-0.04551871346342299,breakbeat
5,acousticness,-0.016797038670254262,breakbeat
6,instrumentalness,-0.01246380288560552,breakbeat
7,liveness,0.07025484611160271,breakbeat
8,valence,-0.14443253583809196,breakbeat
9,tempo,-0.012154710577508871,breakbeat
0,duration_ms,-0.00871552254626456,sertanejo
1,danceability,-0.05512324179684552,sertanejo
2,energy,0.012401386029499048,sertanejo
3,loudness,-0.003907565043677521,sertanejo
4,speechiness,0.11175211454026272,sertanejo
5,acousticness,0.06925310824936745,sertanejo
6,instrumentalness,0.007578726681462071,sertanejo
7,liveness,0.04481835925796937,sertanejo
8,valence,-0.03714724869320286,sertanejo
9,tempo,0.08087320261100801,sertanejo
0,duration_ms,-0.07127968474931787,kids
1,danceability,-0.06715806053233023,kids
2,energy,-0.026802314796707395,kids
3,loudness,0.06259702738754759,kids
4,speechiness,-0.06043120307033372,kids
5,acousticness,0.11577069101488817,kids
6,instrumentalness,0.03615434132284142,kids
7,liveness,0.11352823015980988,kids
8,valence,0.05324863986786987,kids
9,tempo,-0.04398307468136738,kids
0,duration_ms,0.027666451357622,heavy-metal
1,danceability,0.06300508905014401,heavy-metal
2,energy,-0.10816392412313328,heavy-metal
3,loudness,-0.11621949002367855,heavy-metal
4,speechiness,-0.12622734009688238,heavy-metal
5,acousticness,-0.008888948626506516,heavy-metal
6,instrumentalness,-0.05356827016139918,heavy-metal
7,liveness,-0.12817385806100579,heavy-metal
8,valence,0.10684220043422302,heavy-metal
9,tempo,-0.014316968740915129,heavy-metal
0,duration_ms,0.0021732749725510403,forro
1,danceability,-0.04528878914299562,forro
2,energy,0.06885033446992743,forro
3,loudness,0.08887541368838757,forro
4,speechiness,-0.07669721033231285,forro
5,acousticness,-0.00813764437951342,forro
6,instrumentalness,0.015999379940889256,forro
7,liveness,-0.022467431756033374,forro
8,valence,0.019367139797202528,forro
9,tempo,0.016708181072219833,forro
0,duration_ms,0.038234166652903454,guitar
1,danceability,0.03720076385430196,guitar
2,energy,-0.06465625444070433,guitar
3,loudness,-0.03938642080737713,guitar
4,speechiness,0.15097265713820243,guitar
5,acousticness,0.03567868565381629,guitar
6,instrumentalness,0.21869956431622195,guitar
7,liveness,-0.08913277577960269,guitar
8,valence,-0.14604807848491067,guitar
9,tempo,0.0690769268219535,guitar
0,duration_ms,-0.06489547538316548,j-idol
1,danceability,-0.015538093447895035,j-idol
2,energy,0.06279131018373905,j-idol
3,loudness,0.04507023615372992,j-idol
4,speechiness,0.057510532303236106,j-idol
5,acousticness,-0.05022631844865473,j-idol
6,instrumentalness,0.05295626802036693,j-idol
7,liveness,-0.013484502654828048,j-idol
8,valence,-0.027968204162963604,j-idol
9,tempo,-0.010716990237744398,j-idol
0,duration_ms,0.20087325528670258,gospel
1,danceability,-0.09265357848741332,gospel
2,energy,0.005761058979100184,gospel
3,loudness,-0.021619447047083885,gospel
4,speechiness,-0.025149358632435146,gospel
5,acousticness,-0.04104707421502316,gospel
6,instrumentalness,-0.014974117806925561,gospel
7,liveness,-0.007941051294165667,gospel
8,valence,-0.12212772974444415,gospel
9,tempo,0.03903049397812078,gospel
0,duration_ms,0.031004869398187574,black-metal
1,danceability,0.1377216954312245,black-metal
2,energy,-0.11552546694950672,black-metal
3,loudness,0.03903775683183231,black-metal
4,speechiness,-0.1017699588539651,black-metal
5,acousticness,0.05940617431312986,black-metal
6,instrumentalness,0.053441265507944216,black-metal
7,liveness,-0.07632928314086868,black-metal
8,valence,0.02069073898015261,black-metal
9,tempo,-0.09221244095359969,black-metal
0,duration_ms,0.04509199492682273,honky-tonk
1,danceability,-0.003916859478609249,honky-tonk
2,energy,-0.05661244516545923,honky-tonk
3,loudness,0.024091774478785005,honky-tonk
4,speechiness,0.02225652859902459,honky-tonk
5,acousticness,0.01795787395671555,honky-tonk
6,instrumentalness,-0.07143513028772874,honky-tonk
7,liveness,-0.1017853558349064,honky-tonk
8,valence,0.026792601775465,honky-tonk
9,tempo,0.12074524780177201,honky-tonk
0,duration_ms,-0.010591890576796863,study
1,danceability,0.03502068798819937,study
2,energy,-0.23409799300761389,study
3,loudness,-0.23765557004817822,study
4,speechiness,-0.0030166877646135696,study
5,acousticness,0.1358905255832182,study
6,instrumentalness,0.08237010776363168,study
7,liveness,-0.009865964557304244,study
8,valence,-0.044725104859551536,study
9,tempo,-0.06916028749922021,study
0,duration_ms,-0.04310189647426112,detroit-techno
1,danceability,-0.015388758559750077,detroit-techno
2,energy,-0.0774699715186424,detroit-techno
3,loudness,-0.004504489998217629,detroit-techno
4,speechiness,-0.03642976078849781,detroit-techno
5,acousticness,0.12203021980759174,detroit-techno
6,instrumentalness,-0.11211744205771974,detroit-techno
7,liveness,0.004174637115398838,detroit-techno
8,valence,0.053242631505413876,detroit-techno
9,tempo,-0.038293438562477945,detroit-techno
0,duration_ms,0.031063301365094814,tango
1,danceability,-0.14249402463967467,tango
2,energy,0.15132407026759032,tango
3,loudness,0.06417759192118444,tango
4,speechiness,0.07962719982437542,tango
5,acousticness,-0.039406040789676286,tango
6,instrumentalness,-0.21621461545728188,tango
7,liveness,0.150018129297136,tango
8,valence,-0.024439995919588276,tango
9,tempo,-0.05561640135655327,tango
0,duration_ms,0.12781139899497307,grindcore
1,danceability,-0.042519805141510006,grindcore
2,energy,-0.028742719720769864,grindcore
3,loudness,-0.03471692526849025,grindcore
4,speechiness,-0.04137958266287044,grindcore
5,acousticness,0.018399957983043034,grindcore
6,instrumentalness,0.013854435579463578,grindcore
7,liveness,-0.02744824016950322,grindcore
8,valence,0.03002556938943442,grindcore
9,tempo,0.06310586052731959,grindcore
0,duration_ms,0.07932281178697716,romance
1,danceability,0.02935044950869086,romance
2,energy,0.12020911767140888,romance
3,loudness,0.06884020707593524,romance
4,speechiness,-0.0882107318244717,romance
5,acousticness,-0.1653649910362966,romance
6,instrumentalness,-0.04050856573324056,romance
7,liveness,0.006267480467452945,romance
8,valence,0.0574285085045386,romance
9,tempo,0.038503010892386204,romance
0,duration_ms,0.12030981506369647,iranian
1,danceability,-0.2503775690163727,iranian
2,energy,-0.22867986426836429,iranian
3,loudness,-0.2997948322629743,iranian
4,speechiness,-0.1329162818638498,iranian
5,acousticness,0.10860974839239287,iranian
6,instrumentalness,0.20348613881592473,iranian
7,liveness,-0.10899108888972144,iranian
8,valence,-0.1577429909683452,iranian
9,tempo,-0.13382661975031887,iranian
